start,end,text
0.0,31.880000000000003," extrêmement pouf et je nomme Y, présentateur, n'hésitez pas à me dire frédéric sur Skype, si faut, je passe un coup de fil à Eric, alors Y, présentateur, oui. Alors bien entendu, dernière chose avant, vous savez que Yves vous demandera une de trois fois, je ne sais pas de vous manifester sur le chat, ça c'est pour qu'on puisse"
31.880000000000003,67.03999999999999," justifier que vous étiez tous là, donc 1 ou 2 ou 3 fois, je ne sais pas, il vous dirait si vous plaît écrivez tous sur le chat que vous êtes présent, que vous êtes attentif, il fera des moments non prévus, parce que si ça a des moments prévus, ça compte plus, il faut que ce soit comme ça au déboté. Donc, mais vous connaissez, vous avez déjà eu ça avec moi, ah c'est bon, il est connecté, me dit frédéric, génial. Yves, c'est bon, tu peux montrer ton écran non ? Alors, je ne suis pas là. Alors, je cher… Oui, je vais juste arrêter de montrer mon écran. Voilà, comme ça fait."
70.88,104.12," C'est bon, on voit que vous aurez poids. Et bien, Pekham là. Bon, et bien écoutez, je vous laisse, vous savez avec Yves les uns et les autres, je reste sur Skype, Yves au cas où tu as besoin, bien entendu. Et puis, je vous souhaite une excellente vidéo à tous l'engagement étant route. Eh bien écoutez, ah c'est là où que je te ferai alors c'est l'engagement peut-être ? Bon, eh bien écoutez, merci à tous. Et puis si un souci, je reviendrai, mais à priori, je vous fliche la paix, vous êtes débarrassé de moi pour aujourd'hui jusqu'à demain. 4-in un écran blanc, on va essayer de"
104.12,138.0," voir ça. Allez, c'est à toi. Bonjour à tous et puis, merci de m'accueillir. Rechez-vous. Alors, nous allons voir… Alors, n'hésitez pas à poser quand même les questions par écrit. Et comme ça, ou Marlori, bonjour, on a… Comme ça, j'essayerai de répondre soit au fil de l'eau. Et si jamais j'ai pas répondu pendant la présentation à ce moment-là, on fera un petit question à réponse à la fin. Donc, nous allons commencer par le gouvernement. Donc, qu'est-ce que la rénovation énergétique est qu'elle est son objectif,"
138.0,169.23999999999998," surtout ? On revoit qu'elles sont les outils de contrôle qui ont été mis en place par le gouvernement, quels sont les Z également qui s'ambise en place par le gouvernement, et on finira par le parcours des ménages, donc nous clients. En fait, comment il doit faire pour bénéficier de ces Z ? Alors, l'objectif de la rénovation énergétique, en fait, c'est justement de rénover l'éloggement et les bâtiments tercières aussi. Donc, en l'utant contre le changement climatique, en soutenant le pouvoir d'achat, donc ça, c'est avec les Z, bien sûr."
169.23999999999998,199.36," Et en améliorant la qualité de vie défrancée, puisque un bâtiment bien isolé, normalement, est un bâtiment qui consomme moins, donc qui coûte moins cher et qui est plus agréable. Voilà, donc c'est le objectif. En France, le bâtiment, c'est le deuxième secteur, le plus émetteur de gaz à effet de serre. Le deuxième, après, celui des transports, et bien juste derrière le bâtiment, l'agriculture. Donc, le bâtiment représente 27% des émissions de gaz à effet de serre."
199.36,231.12," Ça représente 45% de la consommation énergie finale, et donc, il y a un rôle central, donc le bâtiment est un rôle central à jouer dans la neutralité carbone, qui est l'objectif à atteindre d'ici 2050. Donc ça, c'est les objectifs imposés par la Commission européenne. Il faut quand même relativiser aussi, parce qu'en France, finalement, la totalité des émissions de gaz à effet de serre ne représente que 1% des gaz à effet de serre au niveau mondial. Donc, on est quand même le bon élève au niveau de l'Europe et au niveau international."
231.12,263.0," Mais bien le cas est tout, on a des objectifs à tenir, et c'est très innovation et bien l'injectique, et là pour ça, pour nous aider. Alors, tout en agissant concrètement pour le climat, la réelisation des travaux énergétiques permet d'améliorer le confort du logement, de réduire la facturée énergétique. Parce que dans notre pays aujourd'hui, près de 5 millions de logements, donc c'est pas rien, sont mal isolés. C'est ce qu'on appelle des passoir thermiques. Donc, passoir thermiques, c'est effégé. Et 3,8 millions des ménages ont des difficultés à payer"
263.0,293.48," leur facture de chauffage. Donc, dans la plupart des cas, ce sont des locataires, bien entendu, qui ont du mal à se chauffer, mais pas que, il y a aussi des propriétaires qui sont propriétaires lors le logement, mais qui n'ont pas les moyens d'isoiler et de changer de système de chauffage lors de leur temps. Alors, pour massifier la rénovation des logements et des bâtiments interciers également, et accélérer les économies d'énergie de nouvelles actions et des financements"
293.48,325.36," étaient mobilisés. La rénovation énergétique, donc qui concerne les logements privés, les bâtiments publics aussi, est d'un des secteurs prioritaires du plan de relance qui consacrent 6,2 milliards sur 2 ans. Donc, le gouvernement utilise également les outils législatifs et réglementaires afin d'accélérer cet effort de rénovation. Alors, l'objectif, et ça vous savez, c'est de sortir du chauffage au fjoule, parce qu'en fait,"
325.36,355.36," le fjoule représente de nombreuses inconveniences pour les prix qui ont vimper les émissions pollantes surtout et les gaz à effet de serre. L'installation de nouvelles choses dire refaudent le fjoule dans les bâtiments existants et à interdites depuis 1er juillet 2022, donc ça remonte déjà plus d'un an. En revanche, il y a toujours possible et heureusement de faire en tour entretenir au réparer, ça choisit un fjoule qui est déjà install. Alors, pour aider et ménage à remplacer leur chauffe au fjoule, l'État propose des"
355.36,386.68," êtres financiers importantes et qu'on verra qu'on va détailler tout à l'heure avec ma prime rénov et aussi d'autres aide qui ont été mis en place par l'agence nationale pour la ménuration de l'habitat, donc lana et des collectivités locaires aussi, des toutes héssérés à réduit et aussi qu'elle fait prime croup de pouce de la part de l'Europe. Donc, le but est à radiquer les passeurs énergétiques, donc il y a plusieurs mesures qui"
386.68,416.92," visent à garantir un logement descend à tous les citoyens. Donc la première, c'est l'interdiction de la location des passeurs énergétiques, donc à partir de 2025, c'est bientôt dans un an pour les logements classégés et à partir de 2018 pour les logements classés F. Ensuite, ça sera à partir de 2024 pour les logements classés E qui représente 25% du parquet mobilié actuel, donc c'est colossal, donc d'ici de 1034, il y a énormément de travaux à faire après voir."
416.92,447.4," Et donc le deuxième point pour éradiquer sa passeurs énergétiques, c'est de jolier les loyers de l'espace-faire énergétique. Donc à partir de 2023, il sera interdit de augmenter le loyer des vœuvagesment classés F. Et jolier, donc ça, c'est déjà le cas, un peu pas augmenter les loyers de ces logements-là. Et lors du renouvellement du bail ou de la remise en location, même chose impossible de augmenter le loyer. Il y a également l'obligation de réaliser un audit énergétique lors de la vente d'un bien considéré comme une passeur énergétique."
447.4,479.48," Donc à partir de F. Et jolier, dès 2022, donc on est déjà dans cette obligation. Le dit énergétique, en fait, on va le voir tout à l'heure, mais ça a l'avantage même de montrer de quelle budget on a besoin pour améliorer le classement du D.P.O. Donc il devrait être fourni à tout potentiel à la guerre lors de la première visite. Donc c'est comme au même titre que le D.P.O. enfin, sauf qu'on n'a pas besoin de la voir pour l'apparition de la publicité, mais comment on a besoin de l'obtenir pour la première visite, ça veut dire qu'il faut la voir dès la prise de mandat."
479.84000000000003,510.44," En tout cas, le demander des la présumende. À partir de 2025, cette obligation serait tendue au logement classé E. Donc petit à petit, en fait, l'éto va se resserrer sur tous les logements qui ne sont pas classés, qui sont versés en dessous de D.P.O. Ces mesures permettent de protéger les locataires entre des facteurs d'énergie trop élevée et de laisser le temps nécessaire aux propriétaires pour énover et le logement qu'ils louvent. En fait, tout ça, ça va concerne uniquement donc les... Un uniquement."
510.44,542.9200000000001," C'est à dire que forcément, ça va recevoir l'impact pour les logements qui se font à la vente. Mais toutes ces contraintes sont imposées uniquement au bâtiment qui sont en location. Alors, on a plus d'infos sur la loi climat et résilience qu'on va voir rapidement. Maintenant, donc vous avez... il y a les liens. Donc je pense que Nicolas, tout le monde va vous carper passer pour PowerPoint. Et donc, vous avez accès également à tous les liens, si vous voulez en savoir plus."
543.5200000000001,575.1600000000001," Alors, notamment, donc ça dépend du ministère de la transition écologique. On a la loi climat et résilience, donc c'est dans cette fois que tout est détaillé. Vous ne le savez pas, vous l'avez détaillé maintenant. Mais vous avez de quoi... de quoi occuper, vous souvarez. Si vous ne savez pas quoi faire, dans les prochains mois, vous le verrez bien. Je reviens sur mon PowerPoint. Vous le retrouvez de moi. Et là..."
576.6800000000001,607.76," Alors, j'étais à l'état, oui, c'est bon. Ensuite, dans les autres actions concernant l'objectif de la rénovation énergétique, c'est accélérer la rénovation des bâtiments tercières. On s'en concerne un peu moins, quoi, que y en a qui vendent un petit peu des locaux, des bureaux. Donc, ils sont concernés également. L'objectif aussi, c'est de faire des plans d'investissement dans le secteur des établissements débergements pour personnes âgées. Donc, les épaules."
608.68,640.36," Il y a des plans de relance pour les états et les collectivités, les bâtiments de l'état et des collectivités, également pour les équipements sportifs et pour l'Agence nationale du sport. Il faut également accompagner les élus dans la rénovation énergétique de leur bâtiment. Donc, tout ça en fait fait son des actions qui sont menées dans le cadre de cette rénovation énergétique. Des crédits d'impôt de rénovation pour les TPE et les PME. La transition écologique et la rénovation énergétique des TPE et PME,"
640.36,675.1600000000001," ce fait partie d'objectifs, l'économie d'énergie tercière, la rénovation dans les écoles, organisée la montée en compétence des professionnels. Donc, vous savez qu'il y a un label RGE qui est en fait fermé aux entreprises d'être suffisamment qualifié. Il faut quand même se méfier parce qu'il y a de tout dans ces sociétés, mais c'est un label qui est censé en fait rassurer les clients et puis piloter la politique publique de rénovation énergétique grâce aux statistiques de l'ONR. Maintenant, on va voir les outils."
675.16,706.12," Vous avez des questions sur cette première partie sur l'objectif. Vous avez déjà entendu parler de tout ça ? Vous me dire que oui. Donc, compréhée bien fait d'érequis. On continue alors un PKM. C'est bien si c'est clair. C'est un peu fastidieux. Je suis désolé. C'est pas passionnant comme sujet. On n'ai pas eu choix du sujet. Donc, une objet de dit passé. Questionnable, on continue. Donc, on va voir les outils de contrôle."
706.96,740.6," Contrôle par l'état, bien sûr. Alors, il y a France-Rénov qui est de service public unique de la rénovation énergétique. Donc, ça c'est plutôt une bonne chose par rapport à quelques années où on avait plusieurs points d'entrée. Là, on a juste un point d'entrée unique qui est France-Rénov. Du coup, ça permet de savoir qu'on met les pieds et d'avoir accès à tout à partir de ce site. Guillaume, Crédit Nampot. Oui, on verra tout ça par la suite. Ah, c'est plus intéressant que la deux enthologies."
740.6,772.6," Bon, bon, ok. Pour mieux. Alors, à partir de... Enfin, depuis, j'enviens de 2022, en fait, France-Rénov, le service public de la rénovation de l'habitat, est le point d'entrée unique pour tous les parcours de travaux. Donc, il permet, en fait, il donne en fait au français un accès à l'information. Il oriente tout au long de leur projet de rénovation et il assure également une mission sociale auprès des ménages au revenu des plus modestes. C'est à partir de là que les advances déclenchées. Ce réseau organisé avec le concours des régions propose"
772.6,805.6," plus de 450 gichés espaces qu'on s'est effrayés de France-Rénov, surtout le territoire. Les articles de façon complémentaire avec les programmes locaux d'amélioration de l'habitat, conduits par les collectivités territoriales. Il y a un numéro unique que vous avez à l'écran. Et surtout, il y a la platform web qui permet, en fait, d'avoir tous les renseignements. Il y aura à faire un tour après. Donc, le DPO, c'est aussi un des outils de contrôle, bien sûr, par l'état,"
805.6,836.6," c'est le principal même, puisque il est créé en 2006, et donc il y a bien plus longtemps, c'est le diagnostic de performance énergétique que vous connaissez bien, qui est le document de référence, qui évalue la performance énergétique d'un logement, notamment à travers des étiquettes énergies. Il est à fornir pour la vente et la location des bâtiments nœufs et anciens, et vous savez qu'il est à fornir dès la Parision de la publicité. La loi climatres-résilience confirme son rôle central dans l'évaluation de la performance d'un logement,"
836.6,868.6," et définit la rénovation performante à fin d'orienter les êtres financières vers des êtres rénovations plus ambitieuses. Ce diagnostic fait l'objet d'une refonte saplique depuis le premier juillet 2021. Ça aussi, vous le savez, puisque, en fait, les DPO ont dû être offert, et donc il deviendra surtout opposable, qui ira une importance juridique capitale. Il est plus lisible également grâce à un diagnostic, et il comportera deux étiquettes,"
868.6,901.6," donc les étiquettes placées avec cette classe de AHG, à correspond à la meilleure performance, c'est la plus mauvaise que vous savez. Donc, l'éthiquette énergie pour connaître la consommation d'énergie primaire et l'éthiquette climat pour connaître la quantité de gaz à effet de serre et mise. La flichage du obligatoire sur les annonces immobilières depuis le premier janvier 2022. Là aussi, donc on a un lien sur l'inside du gouvernement,"
901.6,935.6," qui explique en détail, en fait, le DPO, et condition de réalisation. Alors, c'est important, donc la loi climat et résilience, je suis ici, rend également obligatoire à la radiation d'un DPO pour tous les bâtiments, l'habitation collective et les chevilles de bâtiments. Donc, il y a le DPO de l'appartement, mais aussi du bâtiment. Et donc, partir du premier janvier 2024, pour les immobilières monopropriété et pour les copropriété depuis 200 loups."
935.6,965.6," Donc là, vous allez voir, en fait, c'est... On va revenir dessus. C'est aussi le dossier de diagnostic technique. À partir du premier janvier 2025, pour les copropriété entre 50 et 200 loups et à partir de 2026, pour tout le monde. Donc, le DPO doit être effectué à l'initiative du propriétaire du logement et à ces frais, qui s'agit d'un propriétaire privé ou public. Sous le tarif n'est pas réglementé, le DPO doit être établi pour par un diagnosticeur"
965.6,995.6," qui est professionnel et indépendant. Vous savez qu'on a pas le droit d'orienter notre client vers un professionnel en particulier, ou alors, il faut lui proposer trois personnes, enfin trois, ce qui était différent. A une question de hug, quand les résultats ne figurent pas sur l'annonce, de mise en vente. Et bien, on est... On peut avoir une amende à nous et le propriétaire. Donc c'est pour ça qu'on n'a pas la possibilité, en fait, de diffuser une annonce"
995.6,1026.6," si on n'a pas le DPO, puisque c'est interdit par la loi et que ce... Ils sont de plus en plus... Regardant, alors ça dépend des régions, mais il y a certaines régions, il y a beaucoup de contrôles d'agents si ils meublient, en fait, concernant ce fameux DPO. Alors, l'audite énergétique, donc je ne sais pas si tout le monde connaît, l'audite énergétique, en fait, c'est récent. Donc c'est dans le cas toujours de la loi climat résilience,"
1026.6,1057.6," la réalisation de l'audite énergétique réglementaire devient progressivement obligatoire à l'avantage des logements classés des EF et G, en monopropriété. Donc c'est l'encomplément du DPO, en fait, l'audite réglementaire vise à permettre aux acquiereurs des logements fortement consommateurs d'énergie de bénéficier de la présentation de scénario de travaux pour améliorer leur performance énergétique et environnemental. Donc en fait, on va avoir plusieurs possibilités, il y aura comment passer de D,"
1057.6,1088.6," de F par exemple, la D, ou comment passer de F à A et à quel prix. Donc à ce titre, il contribue aux objectifs nationaux de réduction de consommation énergétique du parc des logements. Alors actuellement, effectivement, c'est F et G, nous dit Pierre tout à fait. Donc ça va progressivement remonter jusqu'à D, mais pour l'instant, ça concerne que les monopropriété et à que ça ne concerne pas les copropriété et ça concerne les monopropriété"
1088.6,1120.6," qui sont classés en F ou en G. Donc là, on a le calendrier, donc première à ville 2023 pour les logements classés F ou G, dès ça va augmenter, et là, à partir de 2025, pour tous les logements qui sont classés en E et de 2034, pour tous les logements classés en D. C'est-à-dire que si on va être tranquille, aujourd'hui, il faut un logement qui soit classé en maximum en C, sinon, dans l'avenir, dans ces comptes de bras passés, par une rénovation. Donc ces dispositions étaient codifiées,"
1120.6,1151.6," article 126-281 du code de la construction élabita, pour un goet de l'eau martinique, lui-yane et réunion. Et à maillote, ça s'applique à partir de juillet 2024, et je pense pas qu'il y a un épargne, donc il se faut à la main. Bon courage, effectivement, j'ai re-mais pour passer de F à A. Moi, j'ai un exemple d'une maison que j'ai sur au baign, qui est en F. Et pour aller en A, il y en a pour 60-10 000 euros de travaux,"
1151.6,1184.6," effectivement. Mais bon, à la limite, c'est bien de le savoir, parce que, du coup, les acquérors, ça, oui, vont, ça permet d'articuler une négociation, en connaissance de cause. Alors, lorsque un propriétaire décide devant son logement, il doit faire réaliser un diagnostic performant s'énergie-tique, sauf si il possède déjà un dépe valide, et un audit énergétique complémentaire, qui obligatoire, si, bien sûr, on est en F, faut enger actuellement. Donc, l'audit énergétique a portes des informations complémentaires"
1184.6,1215.6," au DPE pour orienter la quieur dans ces travaux de rénovation. Il est réalisé conformément pour modalité prévue dans la ré définissant de contenu et de l'audit énergétique réglementaire. C'est à que, bien sûr, tout le monde ne peut pas faire n'importe quoi en travaux, tout est réglementé. D'ailleurs, j'ai été surpris quand j'ai vu moi l'audit énergétique, et par exemple, le passé de simple vitrage à double vitrage ça fait pas changer grand chose. Il veut mieux isoler le plancher et le plafond, plutôt que de changer les fenêtres."
1215.6,1245.6," C'est assez surprenant, d'ailleurs. Je crois qu'il y avait 7 % d'amélioration, donc ce n'est pas énorme. Alors, Eric, est-ce que les hébergement de tourisme se concernait ? Alors, tourisme non, pas du tout. C'est-à-dire qu'on peut continuer à faire du Airbnb l'occasion meubler à l'année, parce qu'en fait, si c'est meubler à l'année pour des étudiants, on est concernés, parce que c'est une résidence principale pour les étudiants."
1245.6,1276.6," Par contre, le moublier touristique, on n'est pas concerné du tout. C'est pas la même loi. Alors, Crystal, oui, ça concerne uniquement la location, mais forcément, c'est un impact aussi sur les ventes, puisque les gens qui vont acheter un bien qui va être soumis à des normes travaux pour voir sa classe s'améliorer. La forcément, il va s'en appeler dans la balance de la négociation. Parce qu'il ne sait pas le jour où lui vous voudra mettre en location, peut-être son bien, même si il l'a chète pour habiter dans un premier temps,"
1276.6,1306.6," ou même en cas de revente, pourquoi pas le revant d'un quelqu'un qui veut faire l'investissement locatif. Du coup, forcément, ça va jouer sur le prix. Alors, très très clime aussi. Alors, la clim, il faut savoir que la climatisation, c'est un avantageux d'un point de vue économique d'énergie par rapport à des vieux radiateurs, mais c'est rarement préconisé pour améliorer les notes,"
1306.6,1337.6," parce qu'en fait, comme il y a le froid, l'été, ça consomme davantage, et on va plutôt partir sur des ponts d'achalures, que une simple climatisation. Pompachaleur, en fait, c'est une climatisation mais R.O. Plus comment. Guillaume demande, il y a encore pour biété, c'est pareil. Pas pour l'instant, mais ça va venir petit à petit. Marjorie, attention, Yves, c'est en train de changer. Je crois, ils sont sur le point de durcier."
1337.6,1367.6," Alors, pour les Irbiennes, bien de dit, pour l'instant, je n'ai pas entendu quoi que ce soit concernant l'isolation, mais il durcit c'est effectivement, c'est à quel certaine ville vous n'avez pas le droit de faire plus d'un seul investissement pour relouer un Irbiennes-B, il y en a où c'est carrément interdit. Donc oui, ça va durcir, mais c'est pas pour les mêmes raisons, c'est parce qu'en fait, ça a prive du marché locatif beaucoup de logement pour les gens qui veulent habiter à l'année. Mais d'un point de vue d'EPI, j'ai pas entendu, vous dites, et n'injectique, j'ai pas rien entendu à se suger pour l'instant,"
1367.6,1405.6," mais les dépêpes, bien sûr, sont obligatoires. Pour les mobiliers étudiants, non, car les gestionnaires font déclarer que le bien n'est pas l'arrivance principale dans le travail. Alors, ça dépend, c'est le vie, je pense, ça dépend si c'est de la rédisance gérée ou pas, parce que si vous êtes propriétaire d'un petit studio dans Paris et que vous l'ouvez un étudiant, vous êtes soumis à la même législation. Alors, peut-être de vrai où vous parlez des agréments nécessaires"
1405.6,1437.6," pour faire l'odite en effet, par exemple, pour les dimembes, à usage mix, ou les appartements, au moins nous propriétés, seuls les architectes ou bureau d'études sont compétents, non, pas forcément, non, il y a des sociétés qui font que ça, audité n'injectique, donc il n'y a pas que des architectes. Alors, Marjouil, il est pas un passage à l'heure derrière, c'est la climatisation, hein. Oui, résidence gérée, c'est tout à fait, c'est bien ça."
1437.6,1467.6," Là, c'est différent. Là, c'est un bike commercial, donc on est plus du tout dans la même législation. Donc, on a vu l'objectif de la rénovation énergétique, les outils de contrôle, on va passer aux Z, donc les Z, plus simple, plus juste et plus efficace. Alors, c'est vrai qu'il y a quelques années, je ne sais pas si vous souvenez ce qui avait fait la formation, c'était vraiment une usine à gaz, concernant les Z. Ça, c'est vraiment simplifié, donc il faut le reconnaître."
1467.6,1497.6," Puisque maintenant, c'est tout centralisé par ma prime rénov, qu'on va aller voir après. Après, on a d'autres choses comme certificées à des connommies d'énergie, par là, c'est chaque énergie, appel à projet, on va voir ça, parce que c'est le plan plus réannuel de travaux, qu'on pourrait y être, on va détailler également les coprés logement sociales et les coprés à tous zéro et à bitier mieux de la gence nationale de la vie, de la nave. Donc, on va voir tout ça."
1503.6,1533.6," Alors, je regarde un peu les questions que vous avez mis. Pour les audits, alors, est-ce qu'il y a un lien par un list, près de chez vous, pour les spécialistes en me vide ? Alors, je ne connais pas ce lien à cette celle. Ah oui, alors, pour des bureaux, enfin, pour certains types de ventes, il n'y a que des bureaux d'études et architectes"
1533.6,1572.6," qui ont vu dans certains dossiers frélics. Alors, oui, c'est possible pour, par exemple, des bâtiments administratifs ou des bâtiments industriels, mais pas pour l'habitation. Alors, le diaporama, j'en ai de vrais temps, vous voyez tout le monde, je pense. Alors, Christel nous a mis un lien, c'est un vis public, Patrick, vous direz vos droits ? Alors, n'arrêtez pas. Ah voilà. Donc ça, c'est pour le diapy en ingéthique,"
1572.6,1602.6," si je viens de comprendre, non, ça, c'est pour les entreprises, pour les RG, c'est pour les gens qui vont faire les travaux. Ah si, aussi, il y a des diapy en ingéthique. Oui, c'est bien Christel. Et donc, est-ce qu'on peut trouver ? Qu'est-ce qu'il y a ici ? Oui, oui."
1605.6,1639.6," Mais pas contre, on n'a pas de liste. Là, je suis sur le site ServicePublic.fr. C'est là, je particule, c'est là, je vois droits. On va revenir à la présentation. On va continuer. Ça aussi, je pourrais le ajouter la lumière si vous voulez. Donc dans les Z, on va voir notre maprimaryneuve,"
1639.6,1670.6," qui fonctionne depuis 2020, mais qui a été revue et centralisé surtout. C'est devenu la principale aide de l'Etat à la rénovation énergétique et tous les propriétaires occupant en Bayer, ainsi que le copropriété peut vendre bénéficie. Donc à partir de janvier 2024, maprimaryneuve proposera deux parcours types plus lisibles et attractifs. Donc là, bientôt, d'ici quelques semaines, qui s'adapteront à la situation et aux besoins de chaque ménage grâce à la France Rénov."
1670.6,1700.6," Donc parcours accompagnés pour les rénovations d'ampleur à travers des travaux de rénovation, permettant un gain minimal de deux classes sur le DPE. Ces ménages bénéficieront d'un accompagnement systématique et d'une prime revalorisée. Et un parcours de rénovation par geste pour la sortie des énergies, la sortie des énergies fossiles, à travers des changements de chaudière et des petits bouquets de gestes. Ce parcours sera disponible pour les ménages vivant"
1700.6,1735.6," dans une maison déjà bien isolée. Alors, on va aller voir ça. Alors, on doit essayer. Donc, c'est à partir de janvier 2024. Vous voyez que tout est mis en œuvre du verbement pour accélérer cette rénovation énergétique. Oui, de l'île, en fait, les cils sont en petits trains."
1735.6,1767.6," Je convexirai plus de 4 ou 5 September aux daw 지� Professores qui renombr entitent avec d'un pdf qui explique pendant l'école, puisqu'on ne sait pas encore une ligne. En 2022 1679 1882 venirgé進ns à le 9e grâce à ma prime rénov phase... de la même chose."
1767.6,1799.6," Par exemple, le site dédié à ma prime rinove. Ça, c'est le site où on veut tout décentraliser. Vous êtes donc réalisé la rénovation de votre site. Chaque le moment indifférent. Chaque rénovation est unique. Ma prime rinove s'adapte à votre situation. Vous pouvez choisir en ceci pour améliorer confort, économie ou l'écologie. Vous avez des exemples."
1799.6,1829.6," Vous avez plusieurs possibilités. Vous êtes propriétés, occupant ou propriétés en meilleure. Si vous êtes un syndicat de copropriété. Et à partir de là, vous avez tout un parcours. Vous pouvez vous permettre. Vous explique comment faire. Vous avez des choses que ça va vous permettre de savoir à quoi vous avez droit. Il ne faut pas arriver. On n'a pas le droit à faire de choses. Mais ça dépense souvent des secteurs géographiques."
1829.6,1862.6," Ça va le couper. Est-ce que la prime rinove s'occupe de l'ensemble des êtres possibles? Est-ce que un nouvel acquiereur peut en faire le demande? Oui, tout à fait. Un nouvel acquiereur peut en faire le demande. Vous avez le droit effectivement. Vous réalisez un projet global de travaux. Quand vous vous refaites tous et à l'isolation, le chauffage, peut-être que WLTRAG. Là, c'est quand on est propriétaire occupant."
1862.6,1892.6," Propréhétère, vous avez un autre parcours. Parce qu'en fait, vous avez peut-être des incitations fiscales pour les bénéficier. Et syndicats de copropriété également. Là, on va parler du plan plus réannuel de travaux. Je vous ai repas à la près. Et ça, c'est pour les représentants pour les syndicats. Qui soit syndicent professionnels ou syndicent bénévoles? Oui, je philippe."
1892.6,1924.6," Il y aura effectivement des conditions de revenus. Ça dépend des revenus des clients. Les acquéreurs peuvent faire une simulation avant être propriétaire. Oui, oui, tout à fait. Ils pourront savoir avant être propriétaire si peuvent bénéficier du net. Donc, je reviens à la base. Voilà."
1924.6,1955.6," C'est un syndicat d'économie d'énergie. Donc, ça, c'est autre chose. Vous aviez pour le passeport thermique. Il n'y a pas une différence entre le classement d'EPA de l'étiquette et le classement entre l'encontre de l'énergie finale. Ce n'est pas une vraie différence qui nous induit en erreur et qui nous pose possibilité ou non de louer encore. C'est compliqué la question Xavier. Je ne sais pas compris."
1955.6,1988.6," Je peux vous reformuler. En concernant les syndicats d'économie d'énergie, donc dans le cadre d'une obligation encadrée par l'Etat, certaines entreprises, donc, font une source de gaz de délectricité, propose des primes, des pré-bonifiés ou des diagnostics gratuites pour aider les particuliers à réaliser des économies d'énergie. C'est à dire que vous pouvez avoir droit à des Z. Là, ça dépend des revenus. Et normalement, c'est automatique. C'est à dire que, en fonction de les revenus que vous déclarez, vous pouvez avoir des chèques de votre fournisseur d'électricité,"
1988.6,2020.6," par exemple, de gaz qui viennent alléger vos factures. C'est certifique à d'économie d'énergie. C'est toujours le même. Donc, ces Z, d'accessibles à tous, sans condition de ressources. Je pensais que c'était conditionnaire- ressources. Coup de pouce chauffage, coup de pouce thermostat, régulation performante, coup de pouce isolation, coup de pouce réinnovation globale, sans condition de ressources."
2020.6,2054.6," Ça m'étonne moi. Allez voir. Op. Donc, dispositif, certificat d'économie d'énergie. Donc, c'est, constitue principaux instruments de politique, de maîtrise, de demandes énergétiques. Principe du dispositif. Alors, ça, ça a un lieu précis."
2054.6,2089.6," L'essayer, c'est pour un tribué, sous certaines conditions, par les services du ministère chargé de l'énergie, aux acteurs éligibles. Obligé, mais aussi, d'autres personnes moralement obligées, réalisant des opérations d'économie d'énergie. Ces actions peuvent être menées dans tous les secteurs d'activité, résidential, tertiaire, industrielle, agrécolle transport, sur le patrimoine des élégibles, au près des tiers, qui ont incité, réalisé des économies d'énergie. Les obligés ont également la possibilité d'acheter des CE, à l'autre acteur. Donc, ce qu'on appelle les obligés, je pense que c'est les fournisseurs d'électricité par exemple."
2089.6,2123.6," Des fils d'opérations standardisées définies par les arrêtés sont élaborées pour faciliter le montage d'action d'économie d'énergie. Ils sont classés par secteur, vous avez sûrement été démarchés par vos profs fournisseurs d'énergie, qui vous proposent des rendez-vous téléphoniques pour voir comment faire pour économiser, pour éviter de trop consommer. Donc, ces incitations leur permettent eux de toucher des primes qui vont reverser, mais je suis persuadé que c'est sous en fonction des revenus de chacun."
2135.6,2166.6," C'est prim-sello, souvent très compliqué de obtenir, mais j'ai l'impression, effectivement. Vous certifiez votre eligibility au moment de payer et il trouve toujours un problème. Effectivement, c'est fort plus simple. Guillaume, oui, j'en ai bénéficié pour l'installation d'un poil dans dernier, 100 euros en bord d'achat, en le faisant avec au champ. Voilà, c'est un exemple. Après, ça va jamais chercher bien loin. Mais bon, c'est son des petits plus, qui permettent de... Ce jour pour les gens les plus diminuis,"
2166.6,2197.6," c'est toujours de bienvenue. Alors, effectivement, Fabien, il faut bien se renseigner. Alors, Xavier, selon un auditeur énergétique, la C2E s'engé nouveau pour les maisons de plus de 120 m², au gaz ou 200 m², en chauffeur électrique pour gagner 35% énergie, c'est génial et peu le savoir. Oui, auditeur énergétique, bien sûr. C'est toujours intéressant, parce que ça permet effectivement de faire des économies. C'est un peu le but, d'ailleurs."
2200.6,2231.6," Alors, c'est bien, il y en a pas mal qui ont crystal aussi un bénéficiel pour un poil. Voilà, comme quoi ça fonctionne, même si c'est pas... Vous ne prenez pas en charge 50%, mais bon, c'est mieux que rien. Alors, il y a le check énergie, qui est encore différent. L'entrée en 2018, il permet au bénéficien de régler au affecteur d'énergie, mais aussi les travaux d'économie d'énergie, dont l'heure legement. En 2021, 5,7 millions de m² bénéficient, c'est aide, d'un montant moyen de 150 euros"
2231.6,2261.6," et il peut atteindre jusqu'à 277 euros par an. Le check énergie est attribué à un fonction du niveau des revenus du ensemble du ménage et de sa composition. Il est envoyé automatiquement par vos postales aux domiciles de bénéficiaires chaque année, au printemps. Bon, check énergie. Au livier, 2500 euros pour pas une con, pas chaleur. Alors, ça, c'est autre chose, hein. C'est pas le check énergie, ou le sé... Là, c'est toujours des petits montants, en fait."
2261.6,2292.6," Donc, je fais avec énergie, j'en ai eu 1,100 euros. Voilà. Bien écoutez, c'est mieux qu'à rien. L'éclacement, peut aider, ça va être la galère, car dès qu'une maison est équipée de chauffage électrique, on se retrouve en eux. Alors, ça va faire une fouquette. Et il s'endrit une ouille, effectivement. Un chauffage et des petits conducteurs électriques dans une maison, c'est jamais très bon. C'est pour ça qu'il est voulu passer sur... Alors, il y a aussi des étudiants qui sont en train de faire les étudiants, qui sont plus économes avec de la fonte, qui se charge de la nuit, par exemple,"
2292.6,2324.6," pendant les heures creuses et qui restent du tout la journée. Mais sinon, le mieux, c'est la prompt à chaleur. Donc, le sé... Vous avez un site d'EDFC du gouvernement. Je fais avec énergie. Point gauche pour infer. Donc, là, vous pouvez vérifier si vous pouvez en faire une fois. Donc, là, vous pouvez vérifier si vous pouvez en bénéficier ou pas. Verifier votre éligibilité. Vous avez un simulateur"
2324.6,2357.6," et qui est personnalisé, puisque après, vous pouvez rentrer votre numéro fiscal. Alors... J'aurais bien... Appel la projet Macier Reno. Alors, dans le cadre du plan de relance, France relance. Le gouvernement l'a appelé la projet Destination des Baires sociaux, des lieux rénovations énergétiques et énergétiques, lourdes. D'auté d'une en club de 40 millions d'euros, Macier Reno doit faciliter le déploiement de rénovations industrialisées,"
2357.6,2389.6," en changeant des chels dont les déploiements de terre rénovations en France sur le parc de vœugement sociaux. Donc, l'ensemble des critères spectés et couverts par le CAI des charges énergies se pondent. Donc, ça concerne, ça ne concerne pas, ça concerne les vœugements sociaux. Mais il faut savoir que ça existe. C'est à dire qu'il y a aussi une grosse... un gros programme de rénovations dans les logements sociaux et heureusement parce que souvent, ce sont souvent ces logements, en fait, qui posent problème. Donc, c'est une bonne chose. L'énergie prongue."
2389.6,2421.6," Alors, va pas s'attender là-dessus. C'est une déployée à être en déchelle des rénovations, zéro énergie garantie. Donc, en fait, ça, c'est pour renover des ensembles de logements. Là, on a des exemples. Par ensemble, l'énergie se prend, grâce à l'acteur engagé, autour des valeurs communes, répondant aux enjeux des bâtiments de demain. Donc, on probablement biseux sur quatre clés. Donc, énergie zéro, garantie sur 30 ans."
2421.6,2452.6," Les travaux réalisés très rapidement et ainsi t'occupées. Une priorité donnée au confort. Les satisfactions des occupants. Un équilibre économique. Il y a un suivant sur. Alors, le plan plus réannuel de travaux en copropriété. Pour ceux qui n'ont pas posé de question, si vous pouvez mettre un petit mot sur le chat, vous savez, c'est par rapport à vos obligations."
2453.6,2484.6," Pour le merveilleux. Pour le renouvellement de la carte. Donc, n'hésitez pas à mettre un petit mot. Voilà, tu vas représenter. C'est bien fait bien. C'est bien Vincent, super. Merci d'héronique. C'est bien. Pour ceux qui ont posé des questions il y a deux minutes, c'est pas la peine. Alors, le plan plus réannuel de travaux en copropriété. Ça, c'est quelque chose de très important et qui nous concerne. En tant que gens commerciaux dans les mobiliers. Donc, la loi climat résilience en obligatoire pour les copropriétaires, la réalisation,"
2484.6,2516.6," d'un diagnostic de performance énergétique, à l'échelle de l'immobl et un plan de travaux sur 10 ans. Donc, ce plan permettra à toutes les copropriétés de mieux antipé et de provisionner pour les travaux afin de déclencher plus facilement une décision commune. Donc, objectif, c'est de savoir en fait en quelle performance énergétique se titule l'immobl, et donc l'appartement, et de mettre en place un autre de la carte. Un autre lit énergétique qui va permettre de savoir quels travaux il faut faire et combien ça va coûter"
2516.6,2576.6," pour pouvoir le étaler sur 11 ans. Là aussi, sur le site du gouvernement. ..."
2576.6,2607.2," Je ne vois pas le dit énergétique juin. Donc son plan curiennuel, C'est exactement, ça revient exactement à l'audite énergétique que l'on a pour les monopropriété, qui est obligatoire aujourd'hui pour les maisons F et G, sauf que là c'est pour les immobles. Alors aujourd'hui, ce n'est pas encore obligatoire pour les immobles, moins de 25 que l'eau, mais ça va le devenir à partir de 2024, soit janvier, soit juillier,"
2607.2,2642.2," je ne sais plus. Donc on peut dire que c'est des gens, que c'est en application. Ça veut dire que tous les syndicts vont devoir à partir de 2024 proposer à l'ensemble des copropriétéres, de faire l'audite énergétique de l'immobile, pour savoir où on va alors déjà l'audite énergétique d'animable. Il faut savoir que ça va vite coûter entre 5 et 10 000 € en fonction de divatiment, voire plus, rien que l'audite. Et ensuite, ça va chiffrer des travaux pour les 10 années à venir,"
2643.0,2677.2," afin de changer de classification le bâtiment. Donc si vous êtes en F, ou en G, ça va serrer ce que deux côtés, une blinde dans les 10 prochaines années. Alors, on peut toujours pas obliger les copropriétéres à faire les travaux, mais enfin pour l'instant, tout cas, mais sachez que c'est quand même obligatoire ce plan curéannuel de travaux. Ok, Rick, ça va partir de... 2024."
2677.2,2710.2," Je vais passer ça sous format de PDF. Alors dans les Z, on a l'écopré logement social et copé RS, qui s'adresse au Bay-Orschot, lui aussi, il vise encore à gérer la rénovation énergétique, il dit que de 800 logements, les plus énergivores du parc locatif social, le mentor du prêt est de 9000 à 22000 euros par logement, il peut être majoré de 2000 euros par logement si les travaux réalisés permettent de justifier d'un labèle réglementaire de performances énergétiques"
2710.2,2742.2," et de 3000 euros par logement, en cas de présence d'amiantes dans le bâtiment. Donc là, ce sont des Z et étaient prêts, qui concerne les logements sociaux. Ça ne concerne pas directement. Là aussi, on est sur écoles le G.G.O.V, et copré logement social. Alors... 2019, 2023."
2742.2,2774.2," Une nouvelle convention de la mise en nave de l'écopré logement social pour laélioration de l'attarplement s'énergétique des logements sociaux était signé au 12h30, les objectifs de cette nouvelle convention sont particuliers et les objectifs de suppression des passures thermiques d'ici 2017, favorisés et soutenir des renovations performantes au sein de l'alvoque climat résidence, et faire de l'écopré logement social le premier outil de réduction des émissions de gaz à effet de serre du secteur du bâtiment et de combiner ces objectifs un dispositif simple et lisible pour le secteur social."
2774.2,2805.2," Donc là, on a aussi 6 milliards d'euros en fait sur le entre 2013 et 2017, qui ont été démlockies, donc pour réinver tout ça. On a l'écopré à tous zéro, donc les cours ptz, donc lui, il est d'un montant maximum de 30 000 euros pour financer des travaux de rénovation énergétique, il s'adresse aux propriétaires qu'ils habitent le logement ou qu'ils le mettent en question, et les travaux doivent être réalisés par des entreprises"
2805.2,2837.2," d'éfictions, les qualifications, RGV, reconnu, garant de l'engéredement. Donc là, ça nous concerne, ça concerne nos clients, les cours ptz, 30 000 euros, ça commence à faire avec dalsom, à cause d'éros, ça peut être sympa. Là aussi, écologie.gov, les cours ptz, alors c'est 7 000 euros, en fait, pour une action de travaux sur les paraux habitués, et il y a 5 000 pour une action de travaux du notre nature,"
2837.2,2870.2," 25 000 pour 2, pour un law de travaux et 30 000 pour un law de 3 travaux plus. Attention, ce sont des prêts, ce n'est pas des Z, ce sont des Z, ce sont des Z, ce sont des prêts. Le ptz, tu auras une autre en RP. Oui, tout à fait, résidence principale, ou résidence locative. Vous devez être soit propriétaire occupant ou bayer. Donc, ça veut dire que ça ne marche pas pour les résins secondaires."
2870.2,2900.2," Effectivement. Donc soit copropriétaire occupant ou bayer pour financer la code-parne de travaux d'intérêt collectif, réalisé sur les parties privatives, ou des travaux réalisés sur les parties communes et équipements communs de l'immable. Votre logement doit avoir été construit de plus de deux ans à la date du début des travaux. Donc, c'est aussi pour les copropriétés. Pour le 9, normalement, on n'a pas besoin de rénovation"
2900.2,2931.2," puisque le libatiment 9, sont censés respecter les normes. Aujourd'hui, depuis 2021, on n'a pas besoin de rénover, on est moins en B. Même si on n'est pas forcément à, il est au pire en C et en C, on sait qu'on n'est pas embêté du moins dans les 50 prochaines années. Donc, ce sont des ptz, prêts à taux, 0."
2931.2,2961.2," Alors, les prêts à taux 0 sont jamais vraiment à 0, mais ils sont très peu cher. Donc, il faut, je veux dire, une entreprise. Alors, trouver la banque. Les banques, en fait, les toutes les banques ne sont pas concernées par l'impositif. Donc, en fait, une demande, il faut passer par ces établissements-là. Donc, ça, vous avez le lien directement sur celui qui sera dans PLF. Donc, il y avait des banques populaires,"
2961.2,2992.2," les BCE, les casse des parcs, les défanciers, BNP, des récoles, des imituelles. C'est ici, il y en a quand même pas mal. Les plus parcs des banques françaises. Alors, Christel, il faut le ptz autre sujet. Oui. Alors, quel autre sujet, Christel ? Ah, je lien."
2992.2,3022.2," Tu veux le lien ? Alors, je te mets le lien. Hop. Parce que vous le voyez, moi, si je fais ça, est-ce que vous l'avez reçu, la main lien ? Un paquet câble. Merci. Voilà, mais bon, vous inquiétez pas, vous l'aurez,"
3022.2,3054.2," il n'y a pas de ceci. Alors, je reviens dans mon PD. Non, non, pour point, donc habiter mieux, donc habiter mieux, c'est un programme de l'Agence nationale de l'Altal, là-bas. Donc, afin de renforcer la lutte contre la pré-curité énergétique, des ménages modèges et très modèstes, le programme habiter mieux, subventionne jusqu'à 50% des travaux de rénovation énergétique, permettant à un gain de moins 35%, avec un plafond de travaux porté à 30 000 euros. Une prime pour les sorties de passeurs énergétiques et un bonus pour les rénovations atteignant les tickets à oubés,"
3054.2,3086.2," complètement dispositifs. Donc, c'est maximum 30 000 plus une prime si on arrive à sortir en A ou en B. Par contre, attention, là, c'est vraiment pour les ménages modèstes et très modèstes. Alors, encore au tour, on se fait ma primée rénovre, ma primée rénovre c'est réunité. Donc, en fait, c'est le nouveau nom de habiter mieux, c'est exactement la même chose. Donc, le dispositif ma primée rénovre c'est réunité"
3086.2,3118.2," et permet de financer les travaux à une version globale. Donc, c'est ce qu'on a vu tout à l'heure. L'ensemble de travaux réalisées en même temps, dans un même logement. Par exemple, le changement d'assistèmes de chauffage et isolations des congles, là, des dédiés aux propriétés à Occupant et avec des revenus modèstes qui s'appliquent au travaux permettant à un gain d'énergie de moins 35%. Donc, c'est pas 35%, ça commence à faire beaucoup. Donc, c'est les gros travaux et c'est réservé."
3118.2,3150.2," Alors, revenu modèstes, on doit avoir le barème, voilà, qui est ici. Voilà, donc on a ma primée rénovre. Alors, il y a plusieurs catégories, qui sont par couleur bleu, jaune, violée, rose. Et, enfin, c'est aussi en fonction du nombre de personnes qui habitent dans l'appartement dans la maison. Et là, ce sont donc les revenus maximums pour bénéficier de ces Z. Donc, il y a de France et Brem in France."
3157.2,3189.2," La guillet-homme nous dit, à partir de janvier, c'est 80% pour les très modèstes. 80% de quoi, des prises en charge des travaux. C'est bizarre, c'est le tenant que ça soit pas noté ici. Voilà, c'est actuel. On veut être précisé sur les mots que vos travaux sont inigibles. Donc, là, on a le détail des Z. Alors, on peut pas y être occupant."
3189.2,3220.2," Exemple, innovation énergétique. Je fais ça. Mais on se retrouve avec une maison plus de 15 ans. Là, je vais mettre un morceil. Il faut mettre quelques revenus. Enfin, vous avez la simulation complète. Donc, ça veut dire que avant d'acheter une maison, vous êtes en vraiment en mesure de faire une simulation."
3220.2,3251.2," Donc, ça peut être intéressant parce que si vous avez une maison avec des gros travaux après voir, en fonction du profil de vos acquirers, vous pouvez les sensibiliser, en fait, à ces Z. Qui commence à être importante quand même. Ma guillombe, je viens le lien du document qui précise ça. Parce que là, je ne le vois pas. Ma prime réinventie réinvité, donc, vous l'utilisez de l'accompagnement d'un professionnel. Un accompagnateur réinv, et vous êtes à définir et réaliser vos travaux"
3251.2,3283.2," pour qu'il soit adapté à votre habitat et votre situation tout au long des différentes étapes de votre projet. Il y a une uscique de vos closements, définition et chiffrage de vos projets. Et enfin, réalisation des démarches pour obtenir toutes les aides punancières. Donc, je vais vous faire un petit peu de choses pour vous. Je vais vous faire un petit peu de choses pour vous. Vous avez aussi quelqu'un qui peut vous accompagner. Voilà. Et là, vous pouvez faire une demande de cette mention. Après, c'est vrai que c'est pas noté le maximum."
3292.2,3324.2," Alors, c'est vrai que, comme des cristalles, acheter avec des faibles revenus, je suis pas pour m'incluer l'étilité de la chose. Et pas faux. Surtout, vu aujourd'hui, les taux des banques, c'est vrai que quand on a des faibles revenus, ça devient compliqué d'acheter. Mais, des fois, enfin, on va faire le test de propospirs. Là, 40 000 pour 4 personnes. On va essayer. Alors, je peux m'en bénéficier. Alors, je reviens ici à définir. On fait le barème."
3327.2,3363.2," Alors, propos été récupérant à une ovation ayant vitique. Maison, plus de 15 ans. Je vais mettre l'ocalisation. Mais dans le bar, 33. Reste que je peux mettre. Ah, et vu une ville."
3369.2,3401.2," Allez, hop. 40 000. 4 personnes. On va faire un peu d'isolation. Si, oui, on va faire un peu d'isolation. Oui, oui."
3401.2,3434.2," Merci. Alors, vous êtes élégible à 3N. Donc là, j'ai pris 40 000 euros 4 personnes. 50 % du montant total des travaux dans la limite de 12 250 euros. C'est pas rien quand même. Donc ça, c'est pour financer des travaux de rénovation global. Donc ça, c'est ma prébrénovation de la scénérité et de ma prébrénovation de la prédébrée. C'est si la toute, c'est la principale de l'EU de l'EU de l'EU."
3434.2,3468.2," Il y a vraiment tant de travaux. Isovation département vitrée 80 euros par équipement. Isovation du plan chez BAS. L'EU est de l'EU des combos pervus et de pompachelleur 3 000 euros. Donc en fait, on peut arriver ici jusqu'à 12 250 euros et 3 000 euros ici de pompachelleur. Ça commence à faire un petit som qui est quand même intéressant. Et l'obtention d'un prêt avec un apport de 50 000 euros."
3468.2,3501.2," Oui, pourquoi pas. Alors, je regarde bien. Bien, on qui m'envoye. Je regarde ça. J'arrive tout de suite. Alors, on va voir ça tout de suite."
3503.2,3535.2," Ah, mais c'est particulier à un département. Mais je vais mettre sur l'écran. Bien. Coyote-arme. J'arrive pas à envoyer."
3538.2,3583.2," 80% alors, t'en es si je vais le prendre directement là. Je suis dans deux petites secondes. Alors, on risque. Voilà. Donc là, on a le document de Guillaume."
3583.2,3615.2," Vous le voyez. Alors, effectivement, on voit que les pays de l'île ont perigére. Donc, est-ce que c'est peut-être la région qui fait ça, c'est fort possible. Donc, au travail permettant de 2 sauts de classe et l'ingéritique 80% dans la nuit de 32 000 euros, 60% pour les modèles. La forme dépense 40 000. C'est la communauté de communes. Donc, avec les aides de..."
3615.2,3645.2," Je ne pense pas que ce soit comme ça dans toutes les régions. Je sais qu'il y a des départements, des régions qui ont leur propre z également, qui viennent compléter. Là, ça fait un gros complément. Alors, Frédéric, quelle est l'année des ressources ? Pêche en compte, à une moins 1 et une moins de... C'est une bonne question. On va revenir dessus."
3658.2,3688.2," Merci de la semaine revenue. Vous vous sentez ça longtemps. Alors, votrevenue fiscal de référence se trouve sur la première page de votre dernière avis. Et le dernier avis d'imposition, ça revient. Donc, c'est le dernier avis d'imposition qui est valable. Donc, il y a de moins 1. Voilà. Donc, ça, enfin. Moi, je pense sincèrement que c'est à prendre en compte. Il faut en parler à vos clients. Il faut peut-être garder ce lien également avec vous."
3688.2,3718.2," Ça permet d'envoyer sa vos clients qui peuvent faire la simulation. Et du coup, ça peut, pourquoi pas, avoir apporté un complément. Moi, je pense qu'il faut, si ça accessible, il va y faire en profiter. Donc, ça, c'était... Donc, là-bas, maintenant, on va voir le parcours des millages. Donc, comment accéder à tout ça ? Donc, c'est ça qui faudrait peut-être communiquer à vos clients."
3718.2,3748.2," Donc, à partir de 2022, France Rénov, le service public de la rénovation de l'habitat, elle le point d'entrer unique pour tous les parcours de travaux. Il donne au français un égal accès à l'information, les orient tout au long de leur projet de rénovation, et a sur également une mission sociale, auprès des ménages, au revenu des plus modestes. Sur résorganiser avec le concours des régions, propose plus de 450 gichets, espace qu'on sait, il France Rénov, surtout le territoire, il s'articule de façon complémentaire avec les programmes locaux d'amélioration de l'habitat,"
3748.2,3780.2," conduit par les collectivités territoriales. Donc, en fait, il est complémentaire, c'est à dire que vous, c'est important aussi de se renseigner auprès des collectivités territoriales puisqu'on a vu que ça pouvait être assez énorme, en fait, les aide. Donc, ça vient, ce complété, donc c'est cumulable. Il y a quand même de vrais efforts à un effet au niveau du gouvernement, ce niveau-là. Voilà. Donc, ça, c'est le lien."
3780.2,3810.2," Je pense que c'est le lien qu'il faut garder. Je vais vous l'envoyer également et que vous pouvez communiquer à vos équerrares potentiels, alors peut-être pas avant la visite, mais à l'issue d'une première visite qui pourrait se passer et qui pourrait bien se passer, vous faites une petite découverte financière. Et pourquoi pas, alors parler de cette possibilité, à partir de l'heure, où vous avez à faire une maison qui n'est pas très bien classée. Je vous en vois. Effectivement,"
3810.2,3840.2," un de la T4N1, une obligation de conseil, nous y avons des clients. Et c'est pour ça aussi que c'est important, enfin, ces formations qui sont obligatoires, qui sont un peu réblormatives, c'est parce qu'on se doit de connaître, non, pas par cœur, bien sûr, tout ça, mais on doit savoir que ça existe pour justement conseiller nos clients. Et surtout que mon avis, ça peut faire une différence, c'est-à-dire que si vous faites la différence parce que vous êtes de bons conseils et que vous leur faites gagner, ne serais-ce que 10 000 euros,"
3840.2,3871.2," parce qu'ils viennent de découverte qu'ils ont accès à Ined, c'est plutôt un très bon conseil. Donc, gardez bien ça, vous en voyez le lien, on va commencer à faire un petit peu de conseil, pour que vous en avez le droit de faire le conseil, et que vous en avez le droit de faire le conseil, parce que vous en avez le droit de faire le conseil, je vous ai envoyé le lien, on va continuer... Attention aux armes, effectivement, vous savez sûrement,"
3871.2,3901.68," une écoute file comme ça, ou en fait vous parle de rénovation énergétique, donc il y a beaucoup de plateformes téléphoniques qui font des marchages à vous trans, qui disent parfois à n'importe quoi qui vont vous dire, qui vont renouveller pour un euro, que c'est gratuit, etc. Donc il faut absolument se méfier de tout ça. Et il faut faire une action proactif, c'est-à-dire dans le sens, il faut aller chercher l'information, il ne faut pas attendre qu'elle arrive à vous. Là, je parle pour les clients, qui sont sensibilisés les,"
3901.68,3933.84," en leur disant, si vous avez des marchés par ces gens-là, vous apprenez en note, mais n'acceptez aucun rendez-vous, et allez faire la démarche vous-même sur le site de France Rénov. Parce qu'il y a énormément d'arnac. Ils ont repris ce jet de là-dessus, en fait, comme tout le monde entend parler de d'aide de prime pour la rénovation énergétique, ils se engouvent au-delà dedans, alors non seulement il n'y a pas d'aide par rapport à ces entreprises qui vont faire des travaux et souvent ils font n'importe quoi comme travaux. Donc c'est vraiment une fois de vigilants à ce niveau-là."
3939.84,3972.84," Le démarche a été interdit, c'est vraiment que les armaces sont tout à fait. Il y a des trucs même catastrophiques. On va en profiter, je vais vous le montrer, parce qu'on a du temps. Il faut le tenir deux heures. Si je l'ai comme ça, c'est quand même pas évident. Alors, tu... N'as pas de temps, tu vous laisse regarder ça ?"
4021.84,4052.84," Parvant, vous n'avez pas de temps. Vous m'entendez toujours ? Oui, la vidéo, on est vraiment bien restant bé. En fait, c'était une vidéo qui expliquait le cas d'une personne mais comme il y en a beaucoup, qui se sont fait démarcher par des gens qui ont montré des documents sur le disant officiel, qui ont fait remplir des dossiers pour avoir droit à des aides"
4052.84,4083.84," et qui ont fait des travaux, des travaux qui servient à rien, puisqu'en fait, ils ont rénové une maison, ils ont simplement installé une pompe à chaleur dans une maison qui était classée F-J et qui n'était pas du tout isolé. Et en fait, c'est comme si... Ça ne rit rien, parce qu'en fait, du coup, la pompe à chaleur va tourner à une manière exagérée. Du coup, ça va consommer davantage. Et c'est pas pour autant qu'il n'y aura pas de déperdition d'énergie. La vidéo avait du temps,"
4083.84,4114.84," mais je ne sais pas pourquoi ça ne passe pas dans le... ça ne passe pas, je ne sais pas... Il fallait faire une manip, mais bon, c'est pas grave. C'était juste pour vous donner un exemple. Alors, l'objectif de l'État, qui est aussi l'objectif de l'Europe. En fait, c'est européen, toute ces directives. Et là, vous m'entendez toujours. Oui, c'est assuré, d'accord. Mince. Ah oui. Et merci. Alors, donc,"
4114.84,4145.84," l'objectif de l'État, c'est ne plus avoir aucun bâtiment classé en dessous de dé, d'ici de 1034, et passé progressivement de l'RT 2012 à la RPE 2020. Donc, rénovation énergétique, 2020. Des bâtiments à énergie positif, donc ils vont permettre de produire ce qu'ils consomment. Et pour obtenir la noteralité carbone, l'équilibre entre l'émission et l'absorption de CO2. Et en 2050, vraiment plus aucun bâtiment en dessous de l'être B."
4145.84,4175.84," C'est très ambitieux. Je sais pas si on y arrivera. Ça va sûrement coûter très cher. En tout cas, ce sont les objets qui je... Voilà. Alors, une explication par le groupe 520, les différences à rock. Ça va être avec RT 2012. Et RPE 2020, ce sont les normes de construction. Ça va être depuis 2012, pour RT 2012. Elle est obligatoire, mais pas en 2012. Ça va être en 2018."
4175.84,4205.84," Et là, RPE 2020, donc nous allons avoir maintenant. Donc, ça consiste. Donc, elle sera RPE 2020. Ça sera à partir de... Ça va être assez à partir depuis 2023. En fait, qu'il est obligatoire. Ça concerne... Donc, les bâtiments 9, uniquement, bien sûr. C'est à dire que les nouvelles constructions doivent absolument respecter cette... Cette... C'est performant synergétique. Donc, en fait, c'est la mérisation de la performance énergique des bâtiments 9"
4205.84,4237.84," et utilisées des énergies moins carbonnées. C'est aussi diminuer l'impact des bâtiments sur le changement climatique et assurer le confort restival dans les bâtiments. C'est à dire que, en fait, en estime qui vous me jouez sur l'isolation que sur la climatisation. C'est pour ça que la climatisation ne c'est pas quelque chose qui est... Alors, c'est vrai que la performance chaleur est un rapport... une performance très intéressante. Mais, en fait, le mieux, l'énergie... Enfin, la plus économique, c'est celle qu'on ne consomme pas."
4237.84,4267.84," Donc, du coup, c'est plus bâtiment sur l'isolée et moins on aura besoin de consommer aussi bien de climatisation que tu offages. Alors, on a été rapides. Est-ce que vous avez... par l'interpide, vous avez des questions... Est-ce que vous avez des questions... Est-ce que l'on a fait le tour? Il y en a encore 3-4 heures."
4267.84,4301.84," Donc, est-ce que vous avez des questions... On a tendance à reprendre la question... Est-ce que vous voulez aussi que je débloque un micro... un délicron? Alors, Isabelle, quand on a déjà obtenu une primaire-dove peut-en bénéficier à nouveau pour une nouvelle maison. Ça, c'est une bonne question. Je pense que c'est... Alors, attendez, on est en revanche ici. Je vais regarder. On va vérifier tout ça."
4301.84,4332.84," On a primaire-dove. Alors, on va vérifier... ... ... ... ... ... ... ..."
4332.84,4365.84," ... Alors, je ne saurais pas. C'est peut-être écrit quelques barmes, mais on ne va pas... Je ne saurais pas vous dire si on peut l'utiliser plusieurs fois. Dans l'année, ça m'étonnerait. Par contre, sur une année suivante, pourquoi pas. Mais, elle avait les filles. Alors oui, ma jeuril, je peux chanter une chanson. Ça peut être pas mal. Mais si vous ne le parle encore, je les vous, ça va pas tarder. Non, ma jeuril."
4365.84,4397.84," Oui, c'est une vidéo. Alors, Fabienne, est-ce que je peux avoir le nom de la vidéo ? Oui, je vais vous mettre le lien, la vidéo. Comme ça, ça sera plus simple. La Rguéom nous dit normalement oui, c'est... Normalement oui, c'est pas ce soir. C'est possible. Il y a une hycme dit qu'il a eu le droit. Alors, c'est le droit à ma primaire-dove deux fois-tuit ? D'accord."
4397.84,4428.84," Et est-ce que c'est dans la même année ? Y'a nique ou c'est deux années consécutives ? D'accord. Donc, sur deux années consécutives, deux fois ma primaire-dove. Donc déjà, c'est une bonne chose. Donc, ça veut dire que ça dépend pas du fait du fait que ça va être un peu plus simple. Ça dépend pas du fait qu'on l'est déjà obtenu. Bon, j'imagine que deux fois..."
4483.84,4515.84, ... Vous m'entendez là ?
4515.84,4546.84," C'est bon ? Allez, bon, nickel. Oui, c'est quand je mets la vidéo, je sais pas quoi ça bug. Donc là, je vais vous envoyer le lien. Vous regardez ça ? Alors, qu'est-ce qu'il y avait comme question ? Alors, le CE, donc vous avez nous dit, le CE, c'est gratuit, quelques soirées revenus pour isolations sous toiture et isolations sous sol. Plus, pas de pachaleur, juste un euro."
4546.84,4577.84," Il faut une maison classée en FG, boire eux, avec 35% d'économie à la clé. J'ai des gros doutes, vous aviez. Parce que moi, j'ai le cas et je n'y en pas droit. Et sans vrai que nous dit, c'est bizarre, mais la prime à 9, on peut l'avoir deux fois sans délais."
4577.84,4610.84," Bah oui, en fait, c'est vrai qu'à partir du moment vous avez rénové une maison, vous avez rénové une deuxième, de toute façon, l'objectif, il est le même. C'est rénové ensemble du parc, du parc immobilier. Quelque part, ça se justifie. Alors, Eric, une question pour la Constitution de l'Odité ingétique. Le diagnosticeur a accès à une base de prix artisan, je crois. On sait où la trouver."
4610.84,4643.84," Alors, la base des prix artisans, non, moi ça, je l'ai pas. Après l'Odité ingétique, ça dépend en fait des entreprises. Il y a que vous avez des entreprises qui font des audité ingétiques qui travaillent avec des entreprises qui sont RGE et qui ont de réels de vis. C'est à dire que à partir du moment, ils font, ils viennent faire le dit. Ils transmettent ça à leurs entreprises et ils font un devis qui est actable. C'était dans le sens où si votre client veut faire travailler, et bien, veut conserver ces prix là, il peut faire travailler des entreprises"
4643.84,4674.84," qui ont fait des devis. Donc ça dépend vraiment de chaque entreprise qui font le dit. C'est un budget approximatif. Soit c'est un devis qui peut être tout à fait respecté par l'entreprise qui a fait son devis. L'isolation des combes à un euro ça marche. Alors ça marchait en fait. Ça marchait, je crois que c'est fini ça. Effectivement que vous avez, selon les régions,"
4674.84,4706.84," parce qu'en fait, il y a de gros écarts d'une région à l'autre. On a vu ces Bertrand qui nous a montré là ce qu'il avait sur sa région. Ça, moi, je l'ai pas du tout ici. Oui, Denis, je commence à retravailler mes quatre. Alors les artisans de l'obligatorment être RGE, dit Géraldine, tout à fait. RGE, il faut absolument avoir ce, cette norme. Sinon, les primes ne vont pas fonctionner."
4706.84,4745.84," Donc c'est super important. Mais de toute façon ce qu'il faut voir, ce qu'il faut dire à vos clients, c'est qu'il faut passer par un conseiller de ma prime même neuve. On est sûr de ne pas se faire avoir et de ne pas se retrouver le bec dans l'eau une fois les travaux faits. Parce qu'en fait, les travaux devaient être faits et payés avant d'obtenir les aides. Ça, c'est le côté, moi, sympa. Alors, Sandrine, il est effectivement possible de tenir les aides ma prime même neuve"
4745.84,4778.84," de l'anah plusieurs fois pour des travaux différents réalisés dans le même logement en revanche, dans le cas de re-dune demande pour ma prime révena ces rénités lait des plafonnées à un montant maximum de 20 000 euros. Voilà pour une heure et de 5 ans. Ah bah, c'est bien. Ah bah, pas d'infos. Donc ma prime rénove. Oui, les aides ma prime rénove sur les nités, c'est pour 5 ans. Et pour un montant de 20 000 euros."
4778.84,4809.84," Alors, veronyques. C'est pour les artisans ne sont pas dans l'obligation d'être heureux car mon mari couvreur en auton entreprise, et le droit de faire deux dossiers par an avec les aides sans pour autant avoir le titre RGE. Et bizarre parce que c'est pas du tout ce qui est dit dans le signe du gouvernement. Alors peut-être qu'il connaît les bonnes personnes, ce n'est pas, mais je ne me reste que répire moi. L'ésolée pour votre mari."
4809.84,4840.84," Le donny demande s'il est travaillé fait que, en 2023, peut-être y l'entrer dans la maprémare 9, 2024. Il faut faire la demande avant de faire les travaux. En fait, donc si les travaux sont faits, c'est trop tard. En fait. Alors Pierre nous dit qu'il est un copain qui fait un bouquet de travaux, un euro. Au lieu de 39,000 euros, de pompache à l'heure, un peu d'isolation, il n'a pas avancé d'argent."
4840.84,4870.84," Et il a de la chance. Parce que le principe, en fait, c'est qu'on avance et après, on a la prime. On voit qu'il y a un peu de tout. Mais en fait, tout ça, ça apparaît très clair d'avoir une innovation énergétique, mais c'est un beau bordel, en fait. C'est à dire que, comme d'habitude, un niveau gouvernement, il y a ce qui est écrit et puis après, il y a ce qui se passe. Il y en a qui bénéficie de ça plein de choses et d'autres pas."
4870.84,4900.84," Donc ça dépend si des régions sont d'autres. Mais en tout cas, ce qu'on a vu, c'est dans le ciel du gouvernement. Ce sont ce qui est écrit, ce qui fait foi. Et si vous faites des travaux et vous voulez vous faire embourser après, ça risque de passer. Et peut-être qu'il avait fait la demande avant et qu'il a pris ma vente et qu'il a négocié un délète paiement avec les entreprises. Ça, c'est possible aussi."
4900.84,4930.84," Oui, c'est un vrai énergieux et obligatoire. Je ne sais pas comment c'est débris veronyk, c'est un marine veronyk, mais normalement c'est obligatoire. Alors peut-être qu'il est, qui fait partie d'un, d'un gros peintre entrepreneur, l'éronique, votre marine et que ce gros peintre est RGE. C'est qu'il s'exprie pourquoi il est en bénéficie. Alors Denis, il est, si il sait pareil."
4933.84,4963.84," C'était à quand il est soumis à la même regularly, c'était à quand il est soumis à la même réglementation. Alors sauf que pour les Z, ça risque d'être plus compliqué parce que ça dépend qui est dans la essaye. Si vous êtes plusieurs, là, du coup, les revenus vont dépasser. Alors c'est pour les Z qui sont soumis à revenu. Ça va, dans la nuit, ça va pas le faire. Patrick, les travaux, frissons à même."
4963.84,4993.84," Ça rendent pas dans le système. C'est pas possible. Alors oui Pierre, effectivement, moi non plus, j'ai essayé, j'ai eu le droit, rien. Donc il y a plein de gens qui ne sont pas concernés. Les travaux de couverture peuvent y rentrer dans le système de monde Denis. Couverture, je ne pense pas. En fait, ce n'est pas l'isolation."
4993.84,5024.84," C'est dans les combes là. Mais pas la couverture. L'isolation extérieure par contre ça marche, Pierre. Tout à fait. Ça fait partie des travaux. Xavier nous dit, non, il n'y a pas d'avance. Effectivement, il n'y a pas d'avance. Il peut y avoir peut-être un différeté paiement des entreprises, mais les primes ne sont pas versés d'avance. Un des natifs, effectivement, j'ai ma belle sorte qui en a bénéficié et la paie, que le reste a charge. C'est parce qu'elle s'est arrangée avec les entreprises. Il me confirme, Verony,"
5024.84,5054.84," qu'il me confirme que c'est probablement la capèbe qui permet de chanter par an sans RGE. Donc la capèbe, ça n'a pas en fait. Pour NCEI, c'est souvent les revenus fonciers. Oui, ça dépend parce que vous pouvez être aussi un ICEI et être propriétaire occupant. Donc c'est assez rare, mais c'est possible."
5056.84,5094.84," Et alors, Marge, on y nous dit, pour avoir les aides, il faut toucher trois peaux-là. C'est ça. J'ai eu leur fenêtre, l'isolation, chauffage. Oui, c'est ce qu'on a vu tout à l'heure. C'est un légère chemin. Alors... Comme avez-vous vu ici? C'est ce qu'on appelle la rénovation global."
5094.84,5140.84," Donc... Averg... C'est pas ici. Alors... Donc ça, c'est ma primaire à la ouverture à tous."
5141.84,5174.84," Après, ne pas s'énerver du type de son vraigement. On n'a pas... Par contre, un compagné, être qui m'est là, me la... Mais plafond..."
5193.84,5232.84," Alors, vernis que l'isolation des combles, par l'aine de verts soufflé sous la torture est possible avec des aides. Oui. Ça, ça fait partie. Mais à tout ce qui est isolation, en fait. Donc, les tuiles non. Mais par contre, tout ce qui est isolation dans les combles, oui, ça en fait partie. Donc, il y a le système de chauffage. L'isolation de la maison, il peut y avoir la ventilation. Et en fait, quand vous avez plusieurs faules comme ça, c'est là où vous bénéficiez le plus d'aide. Alors, m'appris ma nouvelle bleue."
5232.84,5262.84," Alors, vous avez vu, en vous souvenez, en fait, il y a les couleurs qui dépendent en fait des plafondes de revenus. Et là, vous avez... Donc, ça, je vais le mettre aussi, si vous voulez, vous avez, en fait, les forfaits et les estimations des montants des cv. Et m'appris ma nouvelle, plus cv, vous avez la totalité de l'aide qui est possible. Et encore attention, c'est par rapport au revenu. Je vais vous l'envoyer. Donc là, par exemple, je veux dire, à granule,"
5262.84,5299.84," 14 000. Pour ne pas chez alors géothermie, 14 000. chauffage solaire, 12 000. On va chez leur R.O. 8 000. Et là, on doit avoir, j'imagine, voilà, la innovation jaune. Donc là, on a d'autres forfaits qui sont un peu moins important. Et après, réinnovation violée, il y a d'aide. Donc, c'est en fonction des revenus. Ça, je peux vous l'envoyer. Donc, c'est..."
5315.84,5347.84," Voilà. Donc là, vous devez tu recevoir le détail. Vous l'avez eu ? Avec, on m'a super."
5350.84,5380.84," Très bien. Eh bien, écoutez, c'est parfait. Alors, Olivier nous dit, c'est beaucoup plus simple d'être subventionné pour acheter une voiture électrique. Oui, c'est pas pareil. C'est vrai. Alors, 2021, Julien, c'est parce qu'en fait, ça a commencé ma prime à l'inop. Ça a commencé en 2021. Mais après, ça a évolué. Et là, on est dans les derniers... Là, avec les couleurs, c'est normalement..."
5380.84,5422.84," C'est actif. Alors, c'est que l'on a vu tout à l'heure dans le site. Donc, normalement, les plafonds sont les bons. Oui, il n'y a pas eu de mise à jour par rapport à ces plafonds-là. Ça fait. Est-ce que c'est un peu plus clair pour nous tout ça ? Oui, bon."
5422.84,5452.84," Très intéressant, très bien, merci. Super. Parfait. Un peu écable. Et je vais dire à Nicolas qu'on a terminé. Comme ça, il va nous chanter une chanson. Sandrine, on va commencer à avoir demandé par ma..."
5452.84,5484.84," D'accord, c'est bien. Le fait de l'avoir demandé soi-même, ça permet de savoir comment ça marche. Il est plus facile d'en parler aux clients. Effectivement, il me dit, ça donne des cordes à notre arque pour les clients. Surtout que les plafonds, il y a quand même des plafonds qui sont assez... C'est en correcte, il m'a pris mal à nos roses. Il y a des plafonds à 4,79 mille ou 90 mille euros. Donc, ça peut concerner pas mal de gens. Oui, je vais envoyer le PowerPoint Philippe."
5484.84,5515.84," Je vais l'envoyer à Matieu Dédemain. Comme ça, vous pourrez le... la voix. Merci, Sandrine. Très bien, Pierre est encore là. Donc, ça c'est une bonne chose. J'imagine que tout le monde est encore là. Oui, et Vernique, ça me rend crédible aussi par rapport à... à cette mise à jour. On a un pépable."
5521.84,5551.84," Ah, oui, Sandrine, je vais... Alors, moi, je n'ai pas les adresses de tout le monde. Donc, mais j'insisterai au près de Matieu. Ok, vous l'envoie. Alors oui, Xavier nous dit qu'il n'y a pas de présence qu'on est revenus pour laisser... Donc, c'est autre chose, il est ce que c'est... En fait, c'est... un priori, ça dépend de votre région. Donc, c'est pas les mêmes partout."
5551.84,5581.84," J'ai bien compris. D'accord. Mais avec plaisir, regarde. Un pépable. Alors, bon, mais il n'y a pas de question. Tout est ok pour vous."
5581.84,5620.84," Ah, mais j'ai un petit Skype à Matieu à Nicolas. Alors, du coup, je veux que le Nico la chante."
5620.84,5650.84," Non, mais à moi, ça va pas être nécessaire effectivement, juste perdre, ferme. Ah, j'ai une question de Dominique et il ne faut jamais commencer les travaux avant que l'accord des Adwis, effectivement Dominique. C'est ce que je disais, il faut faire la demande d'aide avant. C'est donc vous risquez d'avoir le mec dans l'eau. Voilà."
5650.84,5681.84," Merci à vous. Si non, à part la rénovation énervétique, sinon il y a autre chose, vous d'ailleurs évoquez. Ah, Sandra, il nous dit, les devis doivent être faits sans avoir été signés. Oui, une objet de s'engager, sans savoir si on en aura la prime. Effectivement, c'est important."
5687.84,5718.84," Alors, Veronica, cela n'a rien à voir, mais je n'ai pas reçu ton PDF. Sur la initiation à la PNL. Je lui ai envoyé à Matieu, tu rappellerais de le renvoyer. Exact. Oui, vous aviez. Tu es relancé, Matieu. Vous n'avez rien reçu, 17 milliards."
5718.84,5748.84," Il y avait quoi d'autre, par ça ? Il y avait... Ah oui, move peut-être. Oui, Denis. Autre impératif lors de la première musique, certains clients ne sont pas d'accord. Au dit impératif. Non, en fait, c'est... C'est à dire que la partir du moment où vous prenez le mandat et que vous avez le DPE, si la maison pas la copa à l'appartement, pour l'instant, c'est pas obligatoire dans les copropriités,"
5748.84,5781.84," mais si la maison est en F ou en G, il faut absolument faire faire l'eau d'hypnérgétique. Le coup, le coup, ça va être un truc 800 et 2 000 euros. Ça dépend de la surface. Mais c'est obligatoire, effectivement, pour la première visite. Vous pouvez le dire aux clients, il peut vérifier sur Internet. On n'est pas obligé de la voir la signature du mandat, mais ni pour la publicité. Mais par contre, on doit en essancer la voir la première visite. Et d'ailleurs, c'est important de la voir, parce que si vous ne l'avez pas,"
5781.84,5816.84," la personne, quand vous allez lui dire que son F est en G, au moins, avec l'audité nager-tique, ça vous donne des arguments. Ça permet de chiffrer les travaux. Donc, c'est toujours plus intéressant que d'être dans le floor artistique. Du coup, ça permet de se justifier aux propriedies propriedées également. Parce que si vous n'avez pas, vous allez avoir des objections auxquels vous ne pourrez pas réprendre. Alors oui, pour OuiMove, tout ça aussi, je relance très ma tue. Alors, que vous avez fait, c'est l'énergie final, il me semble qu'il compte."
5816.84,5847.84," Pas l'étiquette, que l'on voit habituellement. A-tient l'étiquette compte, en fait, puisque c'est l'effet G, c'est l'étiquette qui compte. C'est là-dessus qu'on se base. Mais sur que l'énergie final compte aussi, puisqu'en fait, les deux sont liés. Mais c'est l'étiquette qu'on prend en compte, si on est en F, fait, en fait, l'audité nager-tique. Le RP également, c'est-à-dire Denis."
5855.84,5886.84," Alors, Corinne, les audits énogétiques sont elles toutes fiable. En fait, c'est si l'entreprise est agréée pour faire les audits énogétiques, oui, normalement elle l'ait. Mais tout le monde ne peut pas le faire effectivement. C'est comme les DPE, il faut passer un agrément. Bon, on peut vérifier si ils ont l'agrément. Mais effectivement, en partie, ils ont l'agrément. Alors, faire confiance. C'est comme les DPE, ça peut être variable, devine d'entreprise à l'autre."
5886.84,5918.84," Mais bon, ça ne peut pas tométriser non plus. Alors, Viervagné, que nous dit, il y aurait forme sur le site de la Capelle pour janvier 2024, qui se bat contre la première contre le premier ministre pour mettre en place, et bien développer le système d'aide. Oui, en ce moment, il y a des batailles un petit peu partout, parce qu'en fait, il ne faut pas se le ré. Tout ça, ça nommait des bâtons dans les roues, même qu'il y a après des choses qui sont là,"
5918.84,5952.84," qui nous permettent aussi d'argumenter, mais tout ça, c'est clair que ça rend le marché des mobiers beaucoup plus compliqués. Donc, il y a plein d'organismes qui se battent effectivement pour essayer de renverser la situation. Alors, pour pas pour la loc, c'est sûr, pas certain pour le dit. Alors, Denis, un autre terme a fait des remontre-penses, parce que je ne vais pas fessiner le RP, mais on est en première visite."
5952.84,5982.84," Qu'est-ce que le RP, Denis ? Ah, d'accord, ça te dérisa. Alors, je pensais l'établissement, justement, du public. L'état des risques et pollution, faire signer l'état des risques et pollution à la visite. Je ne vais jamais vu ça à moi."
5982.84,6012.84," Non, ça se fait signer au compromis. C'est bizarre, on va faire quelqu'un qui faisait du zèle. Oui, c'est vrai que, des fois, c'est un petit peu n'importe quoi. Alors, dernier que nous dit, on parle de tuiles solaires qui vont bientôt se faire connaître."
6012.84,6046.84," De plus en plus, c'est de devenir moins cher qu'avec le temps. Merci bien, ça. On doit juste envoyer le lien pour le RP. Oui, le fait que tout l'avez sur Internet, vous pouvez envoyer ça par mail avec vos clients. Il n'y a rien à faire signer. Si, au compromis, mais pas en visite."
6054.84,6091.84," Il s'endrit nous dire, il a envie de faire passer le maison 1800 en B et on sait c'est une d'ingrits. Oui, alors il faut savoir qu'il y a quand même des exceptions. Il y a des bâtiments qui vont bénéficier d'exception, qui ne vont pas être rénovés. Peut-être que ça ne prend pas, on fera partie. Ah, c'est en vrai, il me dit que le RP devenait obligatoire dès la première visite d'un bien immobilier,"
6091.84,6136.84," décré de 2022, première table de 2022. Ah bah, je savais pas. Et je n'ai jamais fait signer quand même de l'éconderie. Donc, le matére de Nitha, il te l'a fait remarquer. Bon, j'ai pas entendu Nicolas quand il a dit ça. Je dois avoir des notaires qui sont passibles avec moi, parce que je n'ai jamais demandé."
6136.84,6166.84," Ah oui, c'est sûr que quand il y a des soucis, quand on est dans une autre, il n'en d'able. Ça, je comprends mieux, oui, effectivement. Ah ouais, c'est pas cool, Nithaimé. Non, mais c'est vrai que quand on est dans une particulière, c'est important, tout à sens tout ce qui peut décerver à la caror, il faut le présenter dès le début. Sinon, cette façon, ça reste que de partir enbri, lors du compromis."
6167.84,6201.84," Si les risques sont connus, bien sûr, les risques connus, il faut être présenté au visiteur. Ça, c'est... En fait, c'est notre devart de conseiller, tout simplement. Si le n'est pas possible, il n'y a pas de caractère."
6201.84,6235.84," Oui, effectivement, c'est un magnifique. Arrêtons. Si le n'a pas fait, si on n'a pas remis le RP à la première visite, on peut être embêté. C'est une bonne chose qui est homme, il a envoyé les diagnostics par mail avant le Frodachar. Comme ça, il y a une preuve de l'envoie, c'est exactement ce qu'il faut faire. Il faut qu'il y ait des traces écrites de toute façon. Alors, oui, Dominique, un premier, il est fasciné,"
6235.84,6281.84," ou comme dit Guillaume, l'envoyé par mail. En fait, et surtout, il y a des gens qui ont été élevé. Il faut la signature Nicolas Dissa qui fait la signature sur l'RP. Alors, oui, par mail, c'est qui me semblait."
6281.84,6314.84," Juste la preuve, je faut que la preuve qui l'a été présentée, donc un email suffit. Après, Patricia, on a des notes qui font du z. Maintenant, si vous l'avez envoyé par mail, je pense que ça suffit. J'ai posé la question Nicolas, mais il doit être occupé."
6315.84,6347.84," Bon, moi, je vous propose qu'on arrête là. On a la séée, ça fait deux heures. Et regarde le foot, il faut que ce soit peut-être. Ça mettrai. J'espère que c'est intéressant, sauf vite. En tout cas, merci d'avoir tenu jusqu'à là. Je vous souhaite qu'une excellente soirée a vous tous."
6347.84,6377.84," Tu es sûr, deux heures, des deux heures. On a commencé à quelle heure? A 17h, on a commencé. Oui. 17h15. On va pas tenir encore des minutes à... Il manque 10 minutes. Merci. 17h20, dis que vous avez... On m'a accès à vivre à nous chanter une chanson."
6377.84,6431.84," Si, c'est une belle corde rien. Je vais demander à Nicolas. Où je n'ai pas. Je vais vous dire."
6431.84,6461.84," Je vais vous dire. Je vais vous dire. Je vais vous dire. Je vais vous dire. Vous savez ce qu'on va faire, même n'y que là, mais répond pas. Je vous propose vous rester connecté. Vous allez vaquer à vos occupations. Moi, je vais faire comme vous."
6461.84,6493.84," A 19h20, comme disait Xavier, et je vous prie. Ça vous va? Allez, ça marche. Bon, on va passer une bonne soirée. Bon appereut à vous aussi. Et voilà, de n'y pour la signature RP, je pense que Nicolas avait dit le mail suffit. Le le demanderait et je te remfaireai ça par mail."
6493.84,6524.84," Je te réformerai. Donc, laissez connecté jusqu'à 19h20. Mais parce que je pense qu'ils enregistrent, en fait, la durée totale pour pouvoir prouver que vous êtes et présents pendant 2 heures. Et ça, si dans 10 minutes, donc ça va le faire. Bonne soirée à tous. Et je vous dirai pour le RP."
6524.84,6531.84," Ok, premier. À bientôt. Au revoir."
